{"cameraMode":{"drawMode":0,"name":"Shaded","section":"Shading Mode"},"sceneLighting":true,"audioPlay":false,"sceneViewState":{"showFog":true,"showMaterialUpdate":false,"showSkybox":true,"showFlares":true,"showImageEffects":true,"showParticleSystems":true},"in2DMode":false,"pivot":{"x":0.39996835589408877,"y":3.2931437492370607,"z":5.665652751922607},"rotation":{"x":0.08121844381093979,"y":-0.006575524341315031,"z":0.0005357566406019032,"w":0.9966745376586914},"size":27.241199493408204,"orthographic":false}